"image","xmin","ymin","xmax","ymax","label"
"2Q__%20(1).jpg",23.855030293367346,18.957768654336736,89.22293526785715,78.46729512117348,"Mug"
"2Q__%20(2).jpg",10.417829241071429,19.614955357142858,44.70015545280612,44.14610570790816,"Mug"
"2Q__%20(2).jpg",51.33579799107143,20.95723054846939,88.55777662627551,43.006616709183675,"Mug"
"2Q__%20(2).jpg",56.024294483418366,59.6794284119898,87.84080038265306,92.91643415178572,"Mug"
"2Q__%20(2).jpg",11.767578125,62.29073660714286,41.153639190051024,90.8806002869898,"Mug"
"2Q__%20(10).jpg",19.018663832720588,0.3134018255739796,209.00000000000003,198.40617028061223,"Mug"
"2Q__%20(3).jpg",58.85420818718113,47.64142717633929,190.96480389030614,182.85510004783163,"Mug"
"2Q__%20(4).jpg",154.39304409898477,88.48214285714285,223.29572493654823,158.21875,"Mug"
"2Q__%20(4).jpg",84.76983859454315,88.90625,139.55425126903555,157.05357142857144,"Mug"
"2Q__%20(4).jpg",1.41985743178934,89.17410714285714,70.66607015387055,158.3046875,"Mug"
"2Q__%20(5).jpg",0.8081785345717234,0.05755918940609952,280,180.00000000000003,"Mug"
"2Q__%20(6).jpg",0,0,224.6363600628931,222.08557378029337,"Mug"
"2Q__%20(7).jpg",145.84333075335397,54.180973374827104,195.30395381836945,100.31110606846472,"Mug"
"2Q__%20(7).jpg",99.77231682146544,50.383525674273855,142.7639641382869,94.59554374135546,"Mug"
"2Q__%20(7).jpg",173.0734004127967,110.67102135200552,222.17871194530443,160.01373400760718,"Mug"
"2Q__%20(7).jpg",123.50901380288958,106.05601659751036,171.94248258513932,155.77187067773167,"Mug"
"2Q__%20(7).jpg",76.30393769349845,102.02483143153526,120.15923310113519,148.16125302558783,"Mug"
"2Q__%20(7).jpg",27.836929179566564,94.64061419432917,73.46039731682147,145.04091026970954,"Mug"
"2Q__%20(9).jpg",1.3445738636363636,56.11997767857143,186.6834659090909,193.88952885841837,"Mug"
"2Q__%20(8).jpg",73.7541354432398,97.30411451690053,174.96400171396687,204.0060237962373,"Mug"
"2Q__.jpg",11.517956792091837,19.576590401785715,99.11362005739797,90.02710459183675,"Mug"
"9k_%20(10).jpg",103.89030612244899,90.7818229830995,215.89031608737247,196.6171576052296,"Mug"
"9k_%20(10).jpg",79.89638970822705,24.400858976403065,182.22170459980867,127.96269630899235,"Mug"
"9k_%20(10).jpg",3.649030412946429,84.03980488679848,103.31744758450256,191.4300412547832,"Mug"
"9k_%20(2).jpg",5.681002869897959,6.529017857142858,89.02562978316325,95.07384008290816,"Mug"
"9k_%20(11).jpg",157.34888193558675,71.5198750398597,218.50125059789542,124.92576132015307,"Mug"
"9k_%20(11).jpg",138.60261878188777,99.78500677614797,206.54857401945156,156.51481784119898,"Mug"
"9k_%20(11).jpg",98.3803262515944,70.10846819196429,157.5360979352679,121.88658422353318,"Mug"
"9k_%20(11).jpg",35.31768176020409,69.1757513552296,97.6639728156888,121.10745176977042,"Mug"
"9k_%20(11).jpg",75.38975306919643,97.84222038424745,139.72591477997452,156.74575494260205,"Mug"
"9k_%20(11).jpg",7.911277303890307,95.16738580197705,75.31576351243622,154.6112683354592,"Mug"
"9k_%20(3).jpg",34.19102260044643,43.49576988998725,202.61367486447705,191.4143465003189,"Mug"
"9k_%20(4).jpg",44.79170818718113,72.40550761320154,212.88364955357144,194.94230309311226,"Mug"
"9k_%20(5).jpg",4.073187732342007,63.93317558746737,171.08753485130111,220.2838201697128,"Mug"
"9k_%20(7).jpg",37.44990125464684,33.75130692379182,207.40227114312268,200.93953299256506,"Mug"
"9k_%20(6).jpg",25.586300534386616,21.799488847583643,220.38982632434946,204.30812906598513,"Mug"
"9k_%20(8).jpg",2.613847583643123,22.204635223048328,222.9513969563197,206.48742448884758,"Mug"
"9k_%20(9).jpg",6.021651370817844,23.799082249070633,203.01100720260223,204.98772943773236,"Mug"
"Z%20(1).jpg",4.420306691449814,8.741868029739777,96.57440752788104,96.96358039033457,"Mug"
"Z%20(2).jpg",7.304251858736059,15.245992100371746,81.01039730483271,56.54768819702602,"Mug"
"Z%20(2).jpg",23.80779507434944,47.338231877323416,92.45324117100371,92.50987453531599,"Mug"
"Z%20(3).jpg",50.29768819702602,35.56139637546468,98.23855715613382,74.72554600371747,"Mug"
"Z%20(3).jpg",3.0799837360594795,34.5724907063197,48.723571096654275,70.75104553903344,"Mug"
"Z%20(4).jpg",7.60339219330855,3.260048791821561,90.56401022304833,100,"Mug"
"Z%20(5).jpg",51.15880576208178,20.58404972118959,100,73.70614544609666,"Mug"
"Z%20(5).jpg",18.37534851301115,3.4996514869888475,63.74883828996282,46.51486988847583,"Mug"
"Z%20(5).jpg",30.984258828996282,48.78891728624535,92.65218401486987,99.6732690520446,"Mug"
"Z%20(5).jpg",0.6549140334572491,27.452660315985128,54.00935176579925,84.19348280669143,"Mug"
"Z%20(6).jpg",23.31162871747212,59.043203328981726,185.9224558550186,204.77749673629245,"Mug"
"Z%20(7).jpg",6.073928322490707,3.891365590148699,222.48743901022306,218.22033282992567,"Mug"
"Z%20(8).jpg",112.03277474442379,61.458091310408925,225,173.38304484200745,"Mug"
"Z%20(8).jpg",1.5781104786245355,62.268384061338296,107.70685699349443,174.81412639405204,"Mug"
"Z.jpg",24.666008364312265,23.71631040892193,90.3810408921933,97.28885920074349,"Mug"
"images%20(42).jpg",9.507870585501859,68.70498373605948,116.469781017658,165.22130576208178,"Mug"
"images%20(42).jpg",111.13753194702602,66.55836140799256,219.84418564126395,166.50535838754647,"Mug"
"images%20(100).jpg",115.38176696096654,44.16422223513011,203.31486698420076,100.38808375929369,"Mug"
"images%20(100).jpg",26.782135803903348,42.082946096654275,103.68806633364312,97.24493203996283,"Mug"
"images%20(100).jpg",28.971233155204462,135.67829344795538,93.43524918680298,208.74186802973978,"Mug"
"images%20(100).jpg",126.02666124535317,133.110188197026,194.6662987918216,209.75473396840147,"Mug"
"images%20(44).jpg",38.06415543680298,41.26285141728625,206.814155436803,190.65731006040892,"Mug"
"images%20(43).jpg",17.55852114312268,16.92466310408922,198.3224180994424,121.076687383829,"Mug"
"images%20(43).jpg",16.343082016728626,105.85755982806691,196.13658805762083,211.9732371050186,"Mug"
"images%20(45).jpg",144.8921061802974,147.20536129182156,216.02796816914497,198.1296468401487,"Mug"
"images%20(45).jpg",6.3712534851301115,132.69523989312268,60.86997560408922,182.75042111988847,"Mug"
"images%20(45).jpg",59.04354960501859,141.23925418215615,120.63560060408923,189.5398902184015,"Mug"
"images%20(46).jpg",5.7700685408921935,27.115401370817846,217.89033457249073,203.07962070167287,"Mug"
"images%20(49).jpg",119.21758828996283,31.529536477695167,208.571967936803,102.19817321096656,"Mug"
"images%20(49).jpg",0.8854408689591078,63.85629646840149,92.29495817843866,132.6298937035316,"Mug"
"images%20(49).jpg",81.81016205855019,123.11222118959108,188.3995992100372,208.1798907992565,"Mug"
"images%20(49).jpg",140.46163452602232,112.26475371747212,225,195.97975720260223,"Mug"
"images%20(50).jpg",34.9863499070632,14.575467588289964,222.16724268122675,205.49742971654277,"Mug"
"images%20(51).jpg",10.014303554832715,32.71556981877323,188.62831087360595,190.26196561338293,"Mug"
"images%20(52).jpg",115.36216310408922,62.94144981412639,220.90606122211898,180.91092588289962,"Mug"
"images%20(52).jpg",8.524410432156134,65.51608968401487,112.87247328066914,180.78350081319704,"Mug"
"images%20(53).jpg",114.03563545539033,18.80663336431227,211.95363324814127,111.5851533457249,"Mug"
"images%20(53).jpg",13.020228276022305,19.019008480483272,114.52246456784387,110.79773176115242,"Mug"
"images%20(53).jpg",113.36583701208178,120.54084862918216,210.4147304832714,207.51009235594796,"Mug"
"images%20(53).jpg",16.192785780669144,118.1916531133829,116.5122560408922,213.47946677509293,"Mug"
"images%20(54).jpg",42.854031133829,47.441333643122675,200.29587302509293,188.48128194702602,"Mug"
"images%20(55).jpg",148.86268587360595,57.439171330845774,227.91153578066917,134.943407960199,"Mug"
"images%20(55).jpg",91.23257434944237,38.931203358208954,164.51237221189592,114.31658115671641,"Mug"
"images%20(55).jpg",87.41548559479556,75.35521610696517,170.1115241635688,155.23091573383084,"Mug"
"images%20(55).jpg",29.64190288104089,57.02821828358209,105.21346421933086,138.9285214552239,"Mug"
"images%20(56).jpg",58.4194934944238,49.960429251858734,188.22316449814127,174.12472409386618,"Mug"
"images%20(61).jpg",10.367172978624536,19.688806923791823,217.75310757434943,207.92830796933086,"Mug"
"images%20(57).jpg",160.94923327137548,6.986233836206897,214.0584340148699,47.68904903017242,"Mug"
"images%20(57).jpg",105.62871747211896,4.1113954741379315,158.8602462825279,47.281047952586206,"Mug"
"images%20(57).jpg",56.30541356877324,3.700255926724138,101.78636152416357,51.160196659482764,"Mug"
"images%20(57).jpg",3.9646840148698885,7.340880926724139,56.75081319702603,48.79379040948276,"Mug"
"images%20(57).jpg",1.9447026022304834,62.10717941810345,57.7639405204461,97.56247306034483,"Mug"
"images%20(57).jpg",59.37302509293681,55.54150053879311,109.35815520446097,102.35491648706898,"Mug"
"images%20(57).jpg",163.79414498141264,53.72118803879311,213.3464219330855,102.210546875,"Mug"
"images%20(57).jpg",155.3974210037175,113.28620689655173,213.47815985130117,158.56491109913793,"Mug"
"images%20(57).jpg",101.1841310408922,112.36977370689655,151.70562267657994,157.7991244612069,"Mug"
"images%20(57).jpg",50.323884758364315,108.5596713362069,98.19179832713755,157.79598599137933,"Mug"
"images%20(57).jpg",2.9735130111524164,102.22937769396552,46.29960501858736,161.45230334051723,"Mug"
"images%20(57).jpg",1.5808550185873607,168.7492456896552,55.276603159851305,211.5987742456897,"Mug"
"images%20(57).jpg",56.11094330855019,161.46799568965517,100.06435873605949,216.01773976293103,"Mug"
"images%20(57).jpg",103.42053903345726,165.7896686422414,155.82086431226767,213.51010237068968,"Mug"
"images%20(57).jpg",161.15938661710038,166.5146551724138,214.65439126394054,212.16683728448277,"Mug"
"images%20(59).jpg",6.067393703531598,45.21629588754647,207.8400906133829,217.80865183550185,"Mug"
"images%20(58).jpg",165.9557533689591,102.79367897727272,237,174.3724334969008,"Mug"
"images%20(58).jpg",88.80961024628252,88.84168388429751,171.3865444934944,158.29910253099172,"Mug"
"images%20(58).jpg",48.980367100371744,107.507376678719,132.72743378252787,188.56166064049586,"Mug"
"images%20(58).jpg",1.018703531598513,97.04166128615702,84.43537987918215,167.13513688016528,"Mug"
"images%20(62).jpg",71.59001800650557,0.9605889869888476,147.9960501858736,84.52202892657994,"Mug"
"images%20(62).jpg",112.5784154275093,69.00230889869889,189.0007841542751,156.34402590613382,"Mug"
"images%20(62).jpg",40.122560408921935,70.96269458643123,116.00909038104089,158.9970812035316,"Mug"
"images%20(62).jpg",145.42467762546468,144.42161361524165,220.78843808085503,225,"Mug"
"images%20(62).jpg",76.65434769981412,139.68728217936803,149.0938661710037,223.33693947490707,"Mug"
"images%20(62).jpg",6.240561105947956,144.6731964451673,82.77728566449815,225,"Mug"
"images%20(63).jpg",40.263054716542754,56.12584223977695,195.22827602230484,201.6518064591078,"Mug"
"images%20(64).jpg",45.445007551115246,46.330448420074354,195.70203589684016,181.88131679832716,"Mug"
"images%20(65).jpg",26.63183956784387,20.798358938547487,205.80274163568777,175.94740747206706,"Mug"
"images%20(66).jpg",70.13266728624535,57.529567307692304,197.7086431226766,168.87736378205128,"Mug"
"images%20(67).jpg",18.60732748605948,51.688835966542754,181.2049837360595,194.30362743959108,"Mug"
"images%20(68).jpg",7.420945631970261,39.22859738372093,138.4392716078067,149.29289607558138,"Mug"
"images%20(68).jpg",94.59154275092936,64.94520348837209,248.00392077137545,179.7533066860465,"Mug"
"images%20(69).jpg",109.96130053438662,114.5910780669145,225,223.28139521375465,"Mug"
"images%20(69).jpg",2.394937848513011,101.07421875,104.18796468401487,216.29915485594796,"Mug"
"images%20(69).jpg",85.42053903345725,51.76398408457249,172.0957249070632,136.4787842704461,"Mug"
"images%20(70).jpg",4.048196445167286,35.22813080855019,225,195.18580099907064,"Mug"
"images%20(71).jpg",0,4.4136962890625,170.5796497444238,173,"Mug"
"images%20(71).jpg",128.2083526951673,0,289.22942321096656,171.673779296875,"Mug"
"images%20(72).jpg",39.09335792286245,32.85606412639405,208.8692930994424,198.7602375697026,"Mug"
"images%20(73).jpg",73.08317843866172,67.36865415892194,182.10676115241637,168.5310902648699,"Mug"
"images%20(73).jpg",123.19717123605949,55.72723048327138,225,144.12102114312268,"Mug"
"images%20(73).jpg",0,57.05375813197026,95.96741403345725,144.84963115706321,"Mug"
"images%20(75).jpg",24.243436338289964,1.620585501858736,206.52663220260223,225,"Mug"
"images%20(76).jpg",0.8364312267657993,28.01717878717472,225,200.81210792286245,"Mug"
"images%20(77).jpg",71.60966542750928,42.54727128623188,208.97026022304829,175.19661458333331,"Mug"
"images%20(82).jpg",41.60644168215613,55.34862465181058,181.43834223977694,206.35680710306406,"Mug"
"images%20(83).jpg",36.71112627788104,3.9176632332402233,223.8168709340149,177.06959235335196,"Mug"
"images%20(79).jpg",2.1236495120817844,19.662961409395976,179,195.33449559563758,"Mug"
"images%20(84).jpg",6.01838406133829,10.540340381040892,183.01834049721188,217.1388533921933,"Mug"
"images%20(85).jpg",58.28996282527881,89.04296875,224,225,"Mug"
"images%20(85).jpg",0,0.0390625,162.7825278810409,128.19010416666669,"Mug"
"images%20(86).jpg",78.47910374070632,32.83682753164557,207.48351823884758,156.95085047468353,"Mug"
"images%20(87).jpg",7.56708875464684,44.330855018587364,195.55500697026022,207.6571212825279,"Mug"
"images%20(88).jpg",28.830738847583643,27.023916705390334,203.40635164962825,197.3226213986989,"Mug"
"images%20(89).jpg",18.98306807620818,56.64861175650558,178.75776893587363,191.7289875697026,"Mug"
"images%20(90).jpg",27.092530204460967,23.89056691449814,219.36062383828997,203.11882841542752,"Mug"
"images%20(91).jpg",8.155204460966543,10.341034502788105,215.7012372211896,216.32202602230484,"Mug"
"images%20(92).jpg",36.47951033921933,26.357385571561338,215.27975429832713,208.35305820167287,"Mug"
"images%20(93).jpg",104.02133190055763,43.536898815055764,222.7553583875465,132.50246863382898,"Mug"
"images%20(93).jpg",0.506432969330855,2.907905436802974,114.53880111524164,89.13220260223049,"Mug"
"images%20(93).jpg",5.391060641263941,84.19529797862454,118.87125348513013,173.32096596189592,"Mug"
"images%20(93).jpg",104.95251510223049,135.13592007434946,225,224.3203996282528,"Mug"
"images%20(94).jpg",62.86663568773234,0,158.45631970260223,82.43866171003718,"Mug"
"images%20(94).jpg",99.18726765799256,67.35548327137546,193.02044609665427,155.32388475836433,"Mug"
"images%20(94).jpg",29.811802973977695,69.18355018587361,109.36198884758365,153.88940520446096,"Mug"
"images%20(94).jpg",130.2221189591078,143.2267657992565,222.83550185873605,224,"Mug"
"images%20(94).jpg",66.70167286245353,144.12128252788105,143.35687732342006,222.08736059479554,"Mug"
"images%20(94).jpg",1.4149628252788105,141.1482342007435,76.09897769516728,224,"Mug"
"images%20(95).jpg",63.58510978159852,18.025746398698885,151.19147885687732,88.15527706784387,"Mug"
"images%20(95).jpg",109.1412058550186,75.01742565055763,191.94462999535318,139.73629182156134,"Mug"
"images%20(95).jpg",34.888330622676584,78.94799895446097,111.0199088057621,147.34258828996283,"Mug"
"images%20(95).jpg",149.13307388475837,129.7873344563197,225,203.66773640799258,"Mug"
"images%20(95).jpg",75.19059305297398,131.30663336431226,153.52107051579927,203.95852695167287,"Mug"
"images%20(95).jpg",1.692466310408922,132.7083091310409,79.33027416356877,211.02898466542752,"Mug"
"images%20(96).jpg",134.58047746282529,35.012488382899626,219.74616635687732,103.99519342472118,"Mug"
"images%20(96).jpg",14.278142425650557,36.3684218169145,105.16815752788105,109.37318482806691,"Mug"
"images%20(96).jpg",124.05320631970261,153.6321590381041,220.90279391263942,219.72982980947955,"Mug"
"images%20(96).jpg",14.023292286245354,133.49246340613382,100.42729147304833,214.02510745817844,"Mug"
"images%20(99).jpg",7.096509061338289,43.31032089359504,95.8682620817844,127.24233277376032,"Mug"
"images%20(99).jpg",152.8950104553903,111.78099173553719,236.99999999999994,181.4068795196281,"Mug"
"images%20(99).jpg",88.43792111988847,121.96134103822314,194.5276341775093,203.80983664772725,"Mug"
"images%20(99).jpg",5.410141728624535,118.00059723657024,100.08073884758365,185.6942471590909,"Mug"
"images%20(98).jpg",122.19737453531599,83.33272827602231,215.96588928903344,160.6405378717472,"Mug"
"images%20(98).jpg",82.1140218401487,65.05213173791822,169.9981122211896,132.43385513475835,"Mug"
"images%20(98).jpg",7.79253310873606,78.77156424256506,91.39644807156135,158.48411361524165,"Mug"
"images%20(97).jpg",24.45755401951673,28.104559948979592,187.49767657992564,189.0924744897959,"Mug"
"images%20-%202020-04-17T123916.703.jpg",18.097627207249072,34.63021317379182,189.25890160315987,130.8296061802974,"Mug"
"images%20-%202020-04-17T123916.703.jpg",52.08091310408922,108.55309014869889,206.39920713289962,206.40574175185873,"Mug"
"images%20-%202020-04-17T123917.070.jpg",22.387604553903348,30.591818657063197,190.114936686803,192.57848803438662,"Mug"
"images%20-%202020-04-17T123919.268.jpg",14.134380808550187,19.940389753717472,207.67672513940522,210.50294783921936,"Mug"
"images%20-%202020-04-17T123917.267.jpg",154.66502091078067,74.14508928571429,230.4159502788104,142.11690848214286,"Mug"
"images%20-%202020-04-17T123917.267.jpg",226.51457946096656,32.32735770089286,284,94.607421875,"Mug"
"images%20-%202020-04-17T123917.267.jpg",247.6834340148699,92.17103794642857,284,142.66427176339286,"Mug"
"images%20-%202020-04-17T123917.267.jpg",77.34282063197027,26.816685267857142,151.155436802974,81.26081194196429,"Mug"
"images%20-%202020-04-17T123917.267.jpg",88.87784618959108,76.21107700892857,156.3146491635688,133.48256138392856,"Mug"
"images%20-%202020-04-17T123917.267.jpg",16.492158457249072,82.48311941964286,88.35821328996283,142.78773716517858,"Mug"
"images%20-%202020-04-17T123917.267.jpg",7.505808550185874,26.730259486607142,78.87285083643124,90.82938058035714,"Mug"
"images%20-%202020-04-17T123919.112.jpg",75.8767280436803,105.39033457249072,175.11145155669146,208.696125697026,"Mug"
"images%20-%202020-04-17T123920.177.jpg",139.45617448884758,86.88517915309447,201.87921119888475,155.417345276873,"Mug"
"images%20-%202020-04-17T123920.177.jpg",75.49009642193307,99.37194625407166,161.21732690520446,182.7972312703583,"Mug"
"images%20-%202020-04-17T123920.177.jpg",72.32472699814126,77.97740228013029,138.20893355018586,145.3125,"Mug"
"images%20-%202020-04-17T123920.177.jpg",5.440288104089219,84.43912866449512,77.46921468401487,156.8709283387622,"Mug"
"images%20-%202020-04-17T123919.877.jpg",2.447214800185874,6.469272769516729,225,225,"Mug"
"images%20-%202020-04-17T123920.408.jpg",15.601402764869889,29.611625813197026,112.27455564591078,114.56820690055763,"Mug"
"images%20-%202020-04-17T123920.408.jpg",114.12712012081785,27.644705506505577,215.59995062732344,112.51960385687732,"Mug"
"images%20-%202020-04-17T123920.408.jpg",115.23147072490707,114.63028578066915,212.44372967007436,202.30853566449815,"Mug"
"images%20-%202020-04-17T123920.408.jpg",16.401893587360597,116.15611930762083,112.96395794609666,202.75288975371748,"Mug"
"images%20-%202020-04-17T123920.552.jpg",31.692901951672862,15.882391380111525,163.64319528345726,128.34645097583643,"Mug"
"images%20-%202020-04-17T123920.552.jpg",58.75602637081784,116.35542518587361,180.09409851301115,212.92729147304834,"Mug"
"images%20-%202020-04-17T123921.436.jpg",160.54338986988847,87.92603236607142,220,142.99720982142856,"Mug"
"images%20-%202020-04-17T123921.436.jpg",115.89103159851301,82.26812220982143,161.77015566914497,133.72603236607142,"Mug"
"images%20-%202020-04-17T123921.436.jpg",56.46636849442379,82.8783203125,104.6872095724907,132.35867745535714,"Mug"
"images%20-%202020-04-17T123921.436.jpg",1.1085618029739777,87.21999162946429,54.07992565055762,146.93314732142858,"Mug"
"images%20-%202020-04-17T123921.587.jpg",89.79944528345725,22.11891891891892,210.4082975139405,155.2330236486486,"Mug"
"images%20-%202020-04-17T123922.319.jpg",43.857095144052046,38.995338638475836,156.47145097583643,213.89114776951672,"Mug"
"images%20-%202020-04-17T123923.465.jpg",82.38520852695167,76.55306110594796,217.12251684479554,188.38326266263942,"Mug"
"images%20-%202020-04-17T123923.465.jpg",7.505009874535316,65.07173559479554,122.380343866171,160.43469737453532,"Mug"
"images%20-%202020-04-17T123923.589.jpg",3.930573303903346,10.857269400557621,225,213.1625377555762,"Mug"
"images%20-%202020-04-17T123923.923.jpg",112.61108852230484,59.15137081784387,225,175.51006331319704,"Mug"
"images%20-%202020-04-17T123923.923.jpg",1.0259351765799256,60.66086779739777,111.00357225836431,173.569281482342,"Mug"
"images%20-%202020-04-17T123924.358.jpg",55.72723048327138,43.39513370646766,218.84264637546468,184.26154384328356,"Mug"
"images%20-%202020-04-17T123925.211.jpg",69.03171468401487,61.265320051115246,174.7814532992565,173.84373547862455,"Mug"
"images%20-%202020-04-17T123924.420.jpg",69.46299953531599,110.10179484200744,174.28482225836433,212.0451179135688,"Mug"
"images%20-%202020-04-17T123926.489.jpg",28.39898931226766,62.42743894432773,142.78271665892194,209.91784565388656,"Mug"
"images%20-%202020-04-17T123926.562.jpg",8.570152764869889,12.66409154275093,215.71430645910783,214.01530552973978,"Mug"
"images%20-%202020-04-17T123926.567.jpg",19.207423327137548,0.8822433774834436,246.04582946096656,167.99999999999997,"Mug"
"images%20-%202020-04-17T123926.886.jpg",8.815200975836431,34.18259177509294,222.80763533921933,219.06003136617102,"Mug"
"images%20-%202020-04-17T123927.118.jpg",154.48883306226764,3.172599337748344,246.4761413801115,79.32802152317879,"Mug"
"images%20-%202020-04-17T123927.118.jpg",198.0944470260223,78.3240894039735,291.99652939126395,165.5792632450331,"Mug"
"images%20-%202020-04-17T123927.118.jpg",93.36802973977694,75.7773178807947,191.45135339219325,160.65086920529802,"Mug"
"images%20-%202020-04-17T123927.118.jpg",12.170321212825279,6.927566225165562,111.48240009293679,157.14797185430461,"Mug"
"images%20-%202020-04-17T123927.264.jpg",36.21485827137547,8.550548907992566,209.7481993494424,219.5926028113383,"Mug"
"images%20-%202020-04-17T123928.119.jpg",106.98768587360595,37.68713148584906,226,153.59190742924528,"Mug"
"images%20-%202020-04-17T123928.119.jpg",82.68901022304833,0.20709021226415095,200.63801115241637,94.36410672169812,"Mug"
"images%20-%202020-04-17T123928.119.jpg",0,25.59372051886793,112.01216891263941,141.93239976415094,"Mug"
"images%20-%202020-04-17T123928.119.jpg",162.24387197955392,152.7010908018868,199.2497967007435,188.00504127358494,"Mug"
"images%20-%202020-04-17T123928.119.jpg",110.44673559479554,155.51817511792453,140.45251510223048,182.6469929245283,"Mug"
"images%20-%202020-04-17T123928.119.jpg",73.5917750929368,159.92295106132076,100.80471654275092,186.77236143867924,"Mug"
"images%20-%202020-04-17T123928.119.jpg",46.70373489776952,156.78372641509435,77.06395213754648,183.07103478773587,"Mug"
"images%20-%202020-04-17T123928.119.jpg",58.09825162639405,186.77236143867924,91.37601649628253,221.02113797169812,"Mug"
"images%20-%202020-04-17T123928.119.jpg",107.14193192379183,187.36404775943396,147.85304368029742,222.26039209905662,"Mug"
"images%20-%202020-04-17T123928.119.jpg",7.804193773234201,187.3870577830189,43.612250232342014,221.45504127358492,"Mug"
"images%20-%202020-04-17T123928.119.jpg",158.95219563197026,187.10107606132075,200.1162000464684,219.63396226415094,"Mug"
"images%20-%202020-04-17T123928.005.jpg",113.51940055762083,64.40520446096654,223.17684131040892,176.40857342007436,"Mug"
"images%20-%202020-04-17T123928.005.jpg",3.6757231644981414,64.91490473977696,115.99602114312268,179.66934828066917,"Mug"
"images%20-%202020-04-17T123929.668.jpg",21.345332829925653,8.726983619888475,221.10863440985133,218.30528287639405,"Mug"
"images%20-%202020-04-17T123929.374.jpg",67.28117739312268,70.16740516169155,188.92437267657994,194,"Mug"
"images%20-%202020-04-17T123929.376.jpg",0,13.892599907063197,222.3567466310409,216.69123199349443,"Mug"
"images%20-%202020-04-17T123929.858.jpg",23.720666821561338,29.35350836431227,205.53337012081784,195.85559944237917,"Mug"
"images%20-%202020-04-17T123930.483.jpg",121.36863963754645,23.733481032338315,228.95308143587357,129.79329912935324,"Mug"
"images%20-%202020-04-17T123930.483.jpg",17.214262894981413,53.412585509950254,131.45949988382898,164.03058924129354,"Mug"
"images%20-%202020-04-17T123930.484.jpg",144.99674721189592,32.012769554093566,268.92457597583643,144.42751736111111,"Mug"
"images%20-%202020-04-17T123930.484.jpg",12.412029507434944,29.58799342105263,141.61425418215615,146.50881761695905,"Mug"
"images%20-%202020-04-17T123931.320.jpg",72.26961837825279,63.63085211431227,174.09205099907064,172.2166153578067,"Mug"
"images%20-%202020-04-17T123932.248.jpg",119.48434595724906,23.0587150621118,280.33529855947955,157.22733889751555,"Mug"
"images%20-%202020-04-17T123932.421.jpg",85.67344330855019,1.8143953402366866,219.29333178438662,169.9648206360947,"Mug"
"images%20-%202020-04-17T123932.421.jpg",120.25899767801859,164.43625154448105,133.15362164602683,177.18212005766063,"Mug"
"images%20-%202020-04-17T123932.421.jpg",110.04793924148608,163.51527749176276,119.91553792569661,177.44901925453047,"Mug"
"images%20-%202020-04-17T123932.421.jpg",99.75445046439629,164.7787530889621,109.36445433436532,176.4638977553542,"Mug"
"images%20-%202020-04-17T123932.421.jpg",79.02665441176471,164.76500720757824,90.27725103199175,177.32301534184512,"Mug"
"images%20-%202020-04-17T123932.421.jpg",68.0874613003096,164.9563040568369,78.72555469556244,177.89576039950578,"Mug"
"images%20-%202020-04-17T123932.421.jpg",59.02699303405573,164.64816721581548,68.45954269865841,176.72392401153212,"Mug"
"images%20-%202020-04-17T123932.421.jpg",45.80264770381837,163.50382259060956,59.83755804953561,178,"Mug"
"images%20-%202020-04-17T123932.252.jpg",147.52272595260223,120.4519950929752,236.34954402881039,190.1879035382231,"Mug"
"images%20-%202020-04-17T123932.252.jpg",83.79524860594795,18.77571345557851,183.45955796933083,80.40103628615702,"Mug"
"images%20-%202020-04-17T123932.252.jpg",44.88490357806691,76.69127711776859,130.958468866171,141.06711647727272,"Mug"
"images%20-%202020-04-17T123932.252.jpg",0,124.28552750516528,88.7511036245353,196.63786479855372,"Mug"
"images%20-%202020-04-17T123933.379.jpg",146.0250177373581,85.89651162790697,207.02157507739938,146.41551598837208,"Mug"
"images%20-%202020-04-17T123934.797.jpg",156.474718285316,82.33946619423791,206.90890741171003,129.6664440055762,"Mug"
"images%20-%202020-04-17T123934.797.jpg",127.88576033921933,101.6982748605948,181.40755692379182,148.97297572026022,"Mug"
"images%20-%202020-04-17T123934.797.jpg",100.87491287174721,80.05234955855019,152.77612395446096,127.57209862918216,"Mug"
"images%20-%202020-04-17T123934.797.jpg",71.09665427509294,100.29659909386618,123.4520213754647,147.00278810408923,"Mug"
"images%20-%202020-04-17T123934.797.jpg",45.43847293215614,78.65394110130111,95.71256389405205,123.90944470260223,"Mug"
"images%20-%202020-04-17T123934.797.jpg",15.624273931226766,99.98620469330855,67.66597932156134,151.2208846421933,"Mug"
"images%20-%202020-04-17T123934.860.jpg",176.53392193308548,82.11619475138122,254.42402416356873,178.54385359116023,"Mug"
"images%20-%202020-04-17T123934.860.jpg",51.32327486059479,5.321132596685083,142.2321967936803,92.2382596685083,"Mug"
"images%20-%202020-04-17T123934.860.jpg",12.708468866171003,80.57941988950277,101.07888011152416,173.2703729281768,"Mug"
"images%20-%202020-04-17T123934.860.jpg",91.70469330855018,74.07095994475138,174.1426289498141,158.13294198895028,"Mug"
"images%20-%202020-04-17T123934.861.jpg",177.52515102230484,49.71966911764706,261.10931691449815,136.61764705882354,"Mug"
"images%20-%202020-04-17T123934.861.jpg",222.8023931226766,20.06433823529412,289.2980367100372,86.98529411764706,"Mug"
"images%20-%202020-04-17T123934.861.jpg",144.82568540892194,21.488970588235293,210.3576905204461,77.3345588235294,"Mug"
"images%20-%202020-04-17T123934.861.jpg",72.45184711895911,15.840992647058824,134.98739544609666,83.77757352941177,"Mug"
"images%20-%202020-04-17T123934.861.jpg",104.84845492565056,51.76011029411765,190.80041821561338,148.97058823529414,"Mug"
"images%20-%202020-04-17T123934.861.jpg",37.687441914498145,44.388786764705884,110.88266728624535,137.22886029411765,"Mug"
"images%20-%202020-04-17T123935.991.jpg",33.998562383829,34.02546932234432,223,192.1685554029304,"Mug"
"images%20-%202020-04-17T123937.228.jpg",39.58345434479554,37.68188022769517,200.6683463057621,196.1529246050186,"Mug"
"images%20-%202020-04-17T123937.245.jpg",27.919159502788105,32.69923327137547,179.58439823420076,196.692030669145,"Mug"
"images%20-%202020-04-17T123938.356.jpg",34.430907295539036,17.163176696096656,221.8764521375465,206.9121747211896,"Mug"
"images%20-%202020-04-17T123938.289.jpg",113.40504472583643,113.90821038568774,213.28996282527882,208.14721770446096,"Mug"
"images%20-%202020-04-17T123938.289.jpg",120.64540253252788,36.42396607806692,225,130.82633887081786,"Mug"
"images%20-%202020-04-17T123938.289.jpg",43.21343517657993,4.642846770446097,145.31032179368032,98.65640973513011,"Mug"
"images%20-%202020-04-17T123938.289.jpg",0,53.46951963289963,99.73788917286245,139.60559944237917,"Mug"
"images%20-%202020-04-17T123938.289.jpg",10.148263243494425,127.10814068308551,116.27374244888476,216.6585588986989,"Mug"
"images%20-%202020-04-17T123938.693.jpg",82.64107516263941,18.669333261986303,225.53010281133828,151.74296339897262,"Mug"
"images%20-%202020-04-17T123938.575.jpg",192.76594447026022,65.80229048295455,274.4376597351301,132.19927793560606,"Mug"
"images%20-%202020-04-17T123938.824.jpg",112.98864428438662,46.67650139664804,197.0213028578067,138.12458537011173,"Mug"
"images%20-%202020-04-17T123938.824.jpg",19.216136152416357,48.265930516759774,113.14438603624535,137.95286312849163,"Mug"
"images%20-%202020-04-17T123939.152.jpg",57.13109897769517,28.0633567232376,170.0364776951673,140.06804830287206,"Mug"
"images%20-%202020-04-17T123939.152.jpg",100.30634293680298,115.90518929503918,188,230.56670202349872,"Mug"
"images%20-%202020-04-17T123939.152.jpg",11.640799256505577,117.00399804177546,110.57940288104089,234.94827023498698,"Mug"
"images%20-%202020-04-17T123938.996.jpg",124.2100371747212,22.822156714684017,222.75862569702605,106.64824872211896,"Mug"
"images%20-%202020-04-17T123938.996.jpg",6.946299953531598,23.429876277881043,112.57514811802974,111.67663801115242,"Mug"
"images%20-%202020-04-17T123938.996.jpg",127.29437732342008,124.95825104553904,221.87318482806694,216.92974558550188,"Mug"
"images%20-%202020-04-17T123938.996.jpg",5.67531656598513,126.40240183550186,106.75933724442379,217.060437964684,"Mug"
"images%20-%202020-04-17T123939.396.jpg",199.7717965845725,73.04012276785716,300.28769749070636,154.0808035714286,"Mug"
"images%20-%202020-04-17T123939.396.jpg",103.94365706319705,12.72857142857143,199.73566740241637,82.70859375,"Mug"
"images%20-%202020-04-17T123939.396.jpg",106.364312267658,78.64503348214286,201.72277242100373,153.87739955357142,"Mug"
"images%20-%202020-04-17T123939.396.jpg",7.546482922862454,72.23554687500001,105.34817901951673,153.63331473214288,"Mug"
"images%20-%202020-04-17T123939.574.jpg",89.43569934944239,37.18385562150838,206.13019865241637,144.25467004189943,"Mug"
"images%20-%202020-04-17T123939.720.jpg",119.58352695167287,133.77345202137548,225,221.28506912174723,"Mug"
"images%20-%202020-04-17T123939.720.jpg",57.97840671468402,64.71559886152417,170.23662581319704,161.57172107342006,"Mug"
"images%20-%202020-04-17T123939.720.jpg",2.6073129646840147,0,111.2453531598513,97.346218633829,"Mug"
"images%20-%202020-04-17T123939.876.jpg",72.0343720957249,95.28127904275094,172.87661187267656,204.74594853624535,"Mug"
"images%20-%202020-04-17T123940.070.jpg",77.74236175650557,93.31109142657994,176.37916763475835,197.69836198884758,"Mug"
"images%20-%202020-04-17T123940.070.jpg",125.66072258364312,46.64411013011153,218.88686396375465,137.16491926115242,"Mug"
"images%20-%202020-04-17T123940.070.jpg",56.782571445167285,20.910780669144984,139.97807272304834,104.52123025092938,"Mug"
"images%20-%202020-04-17T123940.070.jpg",7.027982690520447,61.89591078066915,101.50223629182155,157.6313458410781,"Mug"
"images%20-%202020-04-17T123940.370.jpg",0,29.098658224907066,222.6834775789963,221.46803845260223,"Mug"
"images%20-%202020-04-17T123940.614.jpg",141.00191682156134,33.37276158707865,270.0402532527881,166.81561622191012,"Mug"
"images%20-%202020-04-17T123940.614.jpg",14.552683550185874,47.7138123244382,149.79925650557618,173.66687148876403,"Mug"
"images%20-%202020-04-17T123941.088.jpg",164.6820690055762,1.8491379310344829,306,88.56748383620689,"Mug"
"images%20-%202020-04-17T123941.088.jpg",212.96114079925653,85.71376616379311,306,155.39426185344828,"Mug"
"images%20-%202020-04-17T123941.088.jpg",102.4680529739777,88.88308189655173,205.1360652881041,153.62068965517244,"Mug"
"images%20-%202020-04-17T123941.088.jpg",8.48716310408922,89.98100754310346,89.39515566914498,155.80765086206898,"Mug"
"images%20-%202020-04-17T123940.942.jpg",167.07691972583643,46.27399861878453,271.5807678903346,153.1136049723757,"Mug"
"images%20-%202020-04-17T123940.942.jpg",104.53952718401487,36.33062845303868,210.18510397304834,142.22513812154696,"Mug"
"images%20-%202020-04-17T123940.942.jpg",5.486640334572491,40.436636740331494,102.0301028113383,153.62983425414365,"Mug"
"images%20-%202020-04-17T123941.326.jpg",62.85323245817844,56.782571445167285,193.2809595724907,180.75409502788105,"Mug"
"images%20-%202020-04-17T123941.273.jpg",47.00691217472119,50.9410254178273,186.09226881970258,209.66250652855152,"Mug"
"images%20-%202020-04-17T123941.844.jpg",113.15999651486989,70.33537116635688,207.09841136152417,163.35893935873605,"Mug"
"images%20-%202020-04-17T123941.844.jpg",19.95345899163569,69.3976533457249,109.35358097118959,167.49862046933086,"Mug"
"images%20-%202020-04-17T123942.045.jpg",102.65886384758365,102.64579460966543,199.90706319702605,190.0724616635688,"Mug"
"images%20-%202020-04-17T123941.591.jpg",86.41371398698884,52.07036084467822,177.49118552509293,126.3430151608911,"Mug"
"images%20-%202020-04-17T123941.591.jpg",2.7637081784386615,4.799417930074258,90.88348048327137,89.697265625,"Mug"
"images%20-%202020-04-17T123941.591.jpg",27.137488382899626,119.91897431930694,123.77692263011153,197.86896658415844,"Mug"
"images%20-%202020-04-17T123941.591.jpg",89.41127439591078,174.58181853341586,183,266.3583887685644,"Mug"
"images%20-%202020-04-17T123942.129.jpg",35.63327718401487,38.10989776951673,202.36407992565057,188.53355889869889,"Mug"
"images%20-%202020-04-17T123942.297.jpg",86.0532934479554,46.411114386792455,181.58373025092936,141,"Mug"
"images%20-%202020-04-17T123942.297.jpg",154.40517541821563,37.39596845518868,252.88844679368032,129.09585053066039,"Mug"
"images%20-%202020-04-17T123942.812.jpg",0,34.53787251655629,93.30128949814127,168,"Mug"
"images%20-%202020-04-17T123942.812.jpg",85.09380808550186,21.934395695364238,175.09293680297398,152.6063741721854,"Mug"
"images%20-%202020-04-17T123942.812.jpg",164.15398466542752,13.320571192052979,251.39986059479554,126.42156456953641,"Mug"
"images%20-%202020-04-17T123942.812.jpg",242.12941449814127,14.719991721854301,300,110.76717715231787,"Mug"
"images%20-%202020-04-17T123944.135.jpg",89.48507202602231,73.38050360130111,211.18908282992567,210.02592065520446,"Mug"
"images%20-%202020-04-17T123944.135.jpg",0.7972235130111525,11.353900441449815,129.80367100371748,159.2813371282528,"Mug"
"images%20-%202020-04-17T123943.013.jpg",45.582234549256505,39.82196793680298,185.8184247211896,180.68874883829,"Mug"
"images%20-%202020-04-17T123944.387.jpg",93.11039149628252,0,183,101.0988745358911,"Mug"
"images%20-%202020-04-17T123944.387.jpg",10.169914614312267,0,94.0245411245353,91.64362237004951,"Mug"
"images%20-%202020-04-17T123944.387.jpg",64.48740996747212,199.10538172957922,146.83262662639405,275,"Mug"
"images%20-%202020-04-17T123944.387.jpg",0,196.25763845915844,71.78200511152416,274.5080928991337,"Mug"
"images%20-%202020-04-17T123944.490.jpg",1.7251394052044609,34.797937499999996,117.3574000929368,140.78390625,"Mug"
"images%20-%202020-04-17T123944.763.jpg",21.476025209107807,20.887909502788105,220.82111117565057,208.51969098513013,"Mug"
"images%20-%202020-04-17T123944.952.jpg",13.324088057620818,23.799082249070633,208.0688022769517,203.74941914498143,"Mug"
"images%20-%202020-04-17T123945.374.jpg",24.63224616635688,27.275499535315987,199.1653839451673,191.9838377091078,"Mug"
"images%20-%202020-04-17T123945.547.jpg",25.798675650557623,31.794188545539036,196.85212883364312,197.2311367332714,"Mug"
"images%20-%202020-04-17T123945.849.jpg",0,11.21886617100372,224,218.11895910780675,"Mug"
"images%20-%202020-04-17T123946.192.jpg",24.50560525092937,101.14560688405797,167.37877555762083,216.76277173913041,"Mug"
"images%20-%202020-04-17T123946.990.jpg",56.8405407760223,15.955534825870648,246.20495469330854,181.328319340796,"Mug"
"images%20-%202020-04-17T123946.557.jpg",0,0.5474285172064778,234,215,"Mug"
"images%20-%202020-04-17T123946.456.jpg",89.10424895446097,37.38353264664804,211.26568308550188,145.9958537011173,"Mug"
"images%20-%202020-04-17T123947.308.jpg",169.6993784851301,76.40631135471205,248.84967472118956,150.00638089005236,"Mug"
"images%20-%202020-04-17T123947.308.jpg",17.54818192379182,75.24670729712042,96.66371398698884,146.6589905104712,"Mug"
"images%20-%202020-04-17T123947.308.jpg",102.89422630111524,78.45881053664921,162.2752962360595,149.1637352748691,"Mug"
"images%20-%202020-04-17T123947.260.jpg",12.107167750929367,8.07719494047619,195.8950249767658,242.41506231398807,"Mug"
"images%20-%202020-04-17T123947.724.jpg",8.318569934944238,71.9428874302974,159.78777009758366,210.79373838289962,"Mug"
"images%20-%202020-04-17T123947.538.jpg",62.48402648698885,21.665529158921935,169.40019458643124,103.88083759293681,"Mug"
"images%20-%202020-04-17T123947.538.jpg",121.72688197026022,120.05401951672863,221.39615764405204,203.19397653345726,"Mug"
"images%20-%202020-04-17T123947.538.jpg",10.857269400557621,118.24393006505576,110.41872386152417,201.92952776486987,"Mug"
"images%20-%202020-04-17T123947.921.jpg",100.29006447490707,27.96490183550186,225,159.31727753252787,"Mug"
"images%20-%202020-04-17T123947.921.jpg",0,64.01312732342008,125.3862685873606,202.41635687732344,"Mug"
"images%20-%202020-04-17T123949.875.jpg",48.359578299256505,142.59456219059408,158.72188661710035,243.14303256497527,"Mug"
"images%20-%202020-04-17T123949.875.jpg",110.49252149163569,64.95566793007426,183,148.7952506188119,"Mug"
"images%20-%202020-04-17T123949.875.jpg",126.53531598513011,143.006700572401,183,223.59171952351488,"Mug"
"images%20-%202020-04-17T123948.608.jpg",5.442379182156134,117.62695312500001,141.8818686105948,218.50247524752479,"Mug"
"images%20-%202020-04-17T123949.968.jpg",64.1176812267658,95.36296177973978,175.82045771375465,218.7267657992565,"Mug"
"images%20-%202020-04-17T123950.288.jpg",31.00232342007435,47.139084507042256,197.7569121747212,200,"Mug"
"images%20-%202020-04-17T123950.659.jpg",73.77911535780669,85.39440055762083,214.12312674256506,215.1915369423792,"Mug"
"images%20-%202020-04-17T123951.026.jpg",113.10445225371748,61.677001045539036,225,152.80552973977694,"Mug"
"images%20-%202020-04-17T123951.026.jpg",1.4637546468401488,61.46789323884759,115.32295539033457,152.0442466310409,"Mug"
"images%20-%202020-04-17T123950.811.jpg",139.35692088754647,47.427287011173185,275,176.9737473812849,"Mug"
"images%20-%202020-04-17T123950.811.jpg",16.6843343401487,17.000501920391063,131.48996572955392,114.45087726955308,"Mug"
"images%20-%202020-04-17T123951.841.jpg",136.926405669145,18.896523178807946,297.17268819702605,166.68749999999997,"Mug"
"images%20-%202020-04-17T123952.936.jpg",73.24654391263941,101.32580157992565,179.34915195167287,210.95056923791822,"Mug"
"images%20-%202020-04-17T123952.936.jpg",130.7315868959108,60.07601940055762,219.18092181691452,152.45592762546468,"Mug"
"images%20-%202020-04-17T123952.936.jpg",70.53794435408922,32.29408689591078,152.33830448420076,122.95212302509294,"Mug"
"images%20-%202020-04-17T123952.936.jpg",9.217080041821562,65.41153578066914,102.17856935408922,163.41448361988847,"Mug"
"images%20-%202020-04-17T123952.937.jpg",197.95630518122678,57.14296875000001,307.6490183550186,157.5251116071429,"Mug"
"images%20-%202020-04-17T123952.937.jpg",103.67268819702603,62.76143973214286,205.5434334340149,152.17784598214286,"Mug"
"images%20-%202020-04-17T123952.937.jpg",8.562616171003718,9.1125,125.02503485130111,68.85000000000001,"Mug"
"images%20-%202020-04-17T123952.937.jpg",16.185873605947958,64.80452008928572,122.50050824814129,156.62561383928573,"Mug"
"images%20-%202020-04-17T123953.036.jpg",87.87529042750928,130.7223178372525,183,208.79994005259903,"Mug"
"images%20-%202020-04-17T123953.036.jpg",4.265145794609666,108.73274094987624,90.52472990241635,193.90712020420793,"Mug"
"images%20-%202020-04-17T123953.353.jpg",29.726707713754646,46.29518694196428,196.75214916356876,196.38794642857144,"Mug"
"images%20-%202020-04-17T123953.539.jpg",26.932432039962826,44.098876045539036,169.445936919145,163.9437877555762,"Mug"
"images%20-%202020-04-17T123953.803.jpg",38.329460966542754,28.109823759791126,181.7045771375465,149.27672160574414,"Mug"
"images%20-%202020-04-17T123953.803.jpg",44.00789962825279,128.75742493472586,185.6658341078067,237.512157310705,"Mug"
"images%20-%202020-04-17T123953.803.jpg",0,95.86422976501308,71.60838754646842,206.4229765013055,"Mug"
"images%20-%202020-04-17T123953.849.jpg",142.01383887081784,52.516993011603375,235.97015857342006,144.7251615242616,"Mug"
"images%20-%202020-04-17T123953.849.jpg",60.57600487918216,38.574828586497894,135.1836808782528,122.91988066983123,"Mug"
"images%20-%202020-04-17T123953.849.jpg",104.70479495817844,106.42507252109705,190.94595144052045,200.98069949894517,"Mug"
"images%20-%202020-04-17T123953.849.jpg",2.7556633364312266,86.9081289556962,87.81681284851301,169.96990374472574,"Mug"
"images%20-%202020-04-17T123954.429.jpg",245.7268529275093,13.848090277777779,307.2312964684015,73.040625,"Mug"
"images%20-%202020-04-17T123954.429.jpg",250.61248257434949,85.89036458333334,309.72490706319707,153.4607638888889,"Mug"
"images%20-%202020-04-17T123954.429.jpg",168.66966775092936,9.196788194444444,240.08390450743494,71.70642361111112,"Mug"
"images%20-%202020-04-17T123954.429.jpg",166.62398350371748,92.92482638888889,226.40137081784388,152.65564236111112,"Mug"
"images%20-%202020-04-17T123954.429.jpg",83.26812267657992,90.61527777777778,143.65044144981414,156.00034722222222,"Mug"
"images%20-%202020-04-17T123954.429.jpg",80.7745120817844,9.477430555555555,145.90392657992567,76.24730902777777,"Mug"
"images%20-%202020-04-17T123954.429.jpg",0,14.602604166666667,61.721480018587364,74.68307291666667,"Mug"
"images%20-%202020-04-17T123954.429.jpg",0,89.96197916666667,64.87081784386618,156.63064236111111,"Mug"
"images%20-%202020-04-17T123954.561.jpg",21.949785083643125,29.114994772304833,225,225,"Mug"
"images%20-%202020-04-17T123954.825.jpg",0,26.32815926535088,199,241.24465460526318,"Mug"
"images%20-%202020-04-17T123954.936.jpg",110.18021026951673,39.43642541821561,225,164.61685350836433,"Mug"
"images%20-%202020-04-17T123954.936.jpg",4.642846770446097,42.71680413568773,113.84613150557621,160.4641031598513,"Mug"
"images%20-%202020-04-17T123956.358.jpg",153.18755808550185,18.547152366863905,230.685437964684,102.42487980769232,"Mug"
"images%20-%202020-04-17T123956.358.jpg",68.3911187267658,36.645848742603555,154.4122037639405,127.42321560650888,"Mug"
"images%20-%202020-04-17T123955.371.jpg",101.14036361524163,71.3165275621118,260.73637894981414,174,"Mug"
"images%20-%202020-04-17T123955.371.jpg",145.7790717936803,1.0807453416149069,275.81247095724905,102.2022030279503,"Mug"
"images%20-%202020-04-17T123955.371.jpg",20.53801696096654,36.59758346273292,173.00026138475835,156.08749029503107,"Mug"
"images%20-%202020-04-17T123955.371.jpg",36.27105599442379,0.937208850931677,173.08027416356876,68.0447399068323,"Mug"
"images%20-%202020-04-17T123956.372.jpg",2.434145562267658,19.656133828996282,224.728813313197,212.13006796003717,"Mug"
"images%20-%202020-04-17T123956.973.jpg",6.030233503717472,30.808896019345237,196.2832249070632,221.93026878720238,"Mug"
"images%20-%202020-04-17T123956.658.jpg",115.22421003717471,21.35569105691057,225.2512778810409,142.3503556910569,"Mug"
"images%20-%202020-04-17T123956.658.jpg",186.34984897769516,8.365599593495935,294.58346886617096,115.20680894308943,"Mug"
"images%20-%202020-04-17T123957.078.jpg",25.008131970260223,24.164730483271374,213.9556226765799,203.56325511152414,"Mug"
"images%20-%202020-04-17T123957.473.jpg",59.425461779739784,65.34230970670392,166.25631679832716,175.7437369064246,"Mug"
"images%20-%202020-04-17T123957.704.jpg",24.79234433085502,29.618160432156134,225.00000000000003,204.7165427509294,"Mug"
"images%20-%202020-04-17T123958.275.jpg",37.44609665427509,18.60629906400966,211.26394052044608,171.34895833333331,"Mug"
"images%20-%202020-04-17T123958.563.jpg",99.53531598513011,73.56674024163569,225,183.41695225371745,"Mug"
"images%20-%202020-04-17T123958.563.jpg",22.82542402416357,77.73255982806691,114.65969156598513,171.76572664962825,"Mug"
"images%20-%202020-04-17T123958.507.jpg",104.5041531133829,47.19173662935324,242.59812093401487,173.17712220149255,"Mug"
"images%20-%202020-04-17T123958.911.jpg",23.35799546933088,21.387807853159853,225.00000000000003,206.5919783921933,"Mug"
"images%20-%202020-04-17T123959.535.jpg",11.676667053903346,93.68836053527228,159.98415717936803,214.92085976175744,"Mug"
"images%20-%202020-04-17T123959.422.jpg",184.145562267658,4.737168874172185,272.16252323420076,86.5858857615894,"Mug"
"images%20-%202020-04-17T123959.422.jpg",100.53729089219331,22.738410596026487,182.8822026022305,104.76096854304635,"Mug"
"images%20-%202020-04-17T123959.422.jpg",46.330448420074354,0,119.38748838289965,45.73758278145695,"Mug"
"images%20-%202020-04-17T123959.756.jpg",20.515741171003718,16.896026785714284,155.4949465613383,140.5174107142857,"Mug"
"images%20-%202020-04-17T123959.955.jpg",119.34828066914498,46.866287174721194,213.91728624535318,137.84125232342006,"Mug"
"images%20-%202020-04-17T123959.955.jpg",82.91124535315986,5.325714451672862,159.55252381505576,78.40235827137548,"Mug"
"images%20-%202020-04-17T123959.955.jpg",31.444586431226767,44.33738963754647,121.9621282527881,124.82102404739777,"Mug"
"images%20-%202020-04-17T123959.955.jpg",52.528534502788105,107.07299895446097,160.21252032992567,209.70899163568774,"Mug"
"images%20-%202020-04-17T124000.092.jpg",110.17251394052045,36.30779507434944,217.5784154275093,132.4779275092937,"Mug"
"images%20-%202020-04-17T124000.092.jpg",7.165717936802974,71.5070283457249,111.64207713754647,182.82005111524163,"Mug"
"images%20-%202020-04-17T124000.239.jpg",173.18918447955392,39.961713576158935,256.5665659851301,107.24254966887415,"Mug"
"images%20-%202020-04-17T124000.239.jpg",84.95440288104089,32.38224337748344,167.80030204460968,96.58609271523179,"Mug"
"images%20-%202020-04-17T124001.029.jpg",168.72023118029742,44.65576990223464,262.6604611988848,127.27413582402235,"Mug"
"images%20-%202020-04-17T124001.029.jpg",34.51476823884759,58.36160090782123,156.46455332249073,172.77653631284915,"Mug"
"images%20-%202020-04-17T124002.357.jpg",41.69740357806692,109.3535809711896,143.86617100371748,182.60339219330857,"Mug"
"images%20-%202020-04-17T124002.357.jpg",143.86617100371748,83.36540137081785,225,151.23068657063197,"Mug"
"images%20-%202020-04-17T124002.357.jpg",94.06910722583643,71.86120469330855,176.07204054368032,130.76752730018586,"Mug"
"images%20-%202020-04-17T124002.356.jpg",14.350023234200743,174.43823483910893,82.01569760687732,236.36535040222776,"Mug"
"images%20-%202020-04-17T124002.356.jpg",110.19754879182156,181.67591661509903,183,249.44476137066835,"Mug"
"images%20-%202020-04-17T124003.174.jpg",232.23890566914497,60.9669492464539,302.6938603624535,126.20578457446808,"Mug"
"images%20-%202020-04-17T124003.174.jpg",204.301812267658,29.1310117464539,273.3162465148699,90.27407468971631,"Mug"
"images%20-%202020-04-17T124003.174.jpg",184.409125232342,83.03535017730496,251.8930065055762,142.7785350177305,"Mug"
"images%20-%202020-04-17T124003.174.jpg",149.56653694237917,60.221852836879435,217.69865241635688,123.11702127659575,"Mug"
"images%20-%202020-04-17T124003.174.jpg",137.4166473048327,32.043661347517734,193.96157644052045,90.76628989361703,"Mug"
"images%20-%202020-04-17T124003.174.jpg",102.22743378252788,77.97321032801419,167.96468401486987,141.40575132978725,"Mug"
"images%20-%202020-04-17T124003.174.jpg",83.79327369888475,25.030723625886527,146.79353508364312,88.05233266843972,"Mug"
"images%20-%202020-04-17T124003.174.jpg",44.89021840148698,82.68763851950355,109.33550185873605,147.94453679078015,"Mug"
"images%20-%202020-04-17T124003.174.jpg",58.39059595724907,48.45836103723404,121.06223861524163,110.10267065602837,"Mug"
"images%20-%202020-04-17T124003.174.jpg",17.245730715613384,20.989140070921987,87.42608619888475,89.00966866134752,"Mug"
"images%20-%202020-04-17T124003.174.jpg",4.1775092936802976,65.52784242021276,70.94113034386618,129.77321586879432,"Mug"
"images%20-%202020-04-17T124004.445.jpg",73.66149221654275,76.44850720260223,165.61338289962828,151.51820980483274,"Mug"
"images%20-%202020-04-17T124004.446.jpg",0,72.70240485335195,115.24090961895912,176.88988303072625,"Mug"
"images%20-%202020-04-17T124004.527.jpg",167.53851068773236,1.663875,325.2066391728625,149.27540624999997,"Mug"
"images%20-%202020-04-17T124004.527.jpg",14.82946096654275,0,164.26112337360595,149.50490625,"Mug"
"images%20-%202020-04-17T124004.922.jpg",145.88545539033458,55.580989583333334,259.7603392193309,159,"Mug"
"images%20-%202020-04-17T124005.602.jpg",178.97341136152417,94.08871108271376,225,133.19840555297398,"Mug"
"images%20-%202020-04-17T124005.602.jpg",140.38321909851302,96.09810641263941,182.4302247908922,135.88086663568774,"Mug"
"images%20-%202020-04-17T124005.602.jpg",107.23963173791822,91.05338057620818,145.95398176115242,129.59783050650557,"Mug"
"images%20-%202020-04-17T124005.602.jpg",70.99863499070632,97.4671090845725,116.49591949349443,138.42283341078067,"Mug"
"images%20-%202020-04-17T124005.602.jpg",40.877308898698885,93.44178380576209,79.69294551579927,129.23842646375465,"Mug"
"images%20-%202020-04-17T124005.602.jpg",2.0126626394052045,96.98027997211896,45.50708643122677,135.1261181459108,"Mug"
"images%20-%202020-04-17T124007.406.jpg",8.138867913568774,75.75910490241635,106.90309886152417,169.44266960966542,"Mug"
"images%20-%202020-04-17T124007.406.jpg",120.03768296933086,84.66905785315986,218.90320051115242,170.73325685408923,"Mug"
"images%20-%202020-04-17T124009.171.jpg",10.103566449814126,10.776115023474178,224.96811105947958,200,"Mug"
"images%20-%202020-04-17T124009.264.jpg",47.17668157527881,38.8352404739777,197.59380808550188,193.19274221654277,"Mug"
"images%20-%202020-04-17T124011.007.jpg",31.686367332713754,50.94062209572491,194.84600081319704,181.36834921003717,"Mug"
"images%20-%202020-04-17T124012.750.jpg",186.448187732342,40.578125,290.8473513011152,133.80199652777776,"Mug"
"images%20-%202020-04-17T124012.750.jpg",116.5070283457249,26.472395833333334,234.23777300185873,145.02309027777778,"Mug"
"images%20-%202020-04-17T124012.750.jpg",22.682620817843866,37.89592013888889,130.96996979553904,135.3984375,"Mug"
"images%20-%202020-04-17T124014.363.jpg",0,70.14,163.7156279042751,242.13142857142856,"Mug"
"images%20-%202020-04-17T124014.510.jpg",155.1481906366171,74.7919812964684,214.16560176579927,123.44221944702602,"Mug"
"images%20-%202020-04-17T124014.510.jpg",98.67928090148699,74.90960443773234,158.18025383364312,124.43548152881041,"Mug"
"images%20-%202020-04-17T124014.510.jpg",41.23671294144982,73.6222845027881,101.4074843169145,123.95518703531599,"Mug"
"images%20-%202020-04-17T124014.510.jpg",129.14694179832713,100.4501626394052,189.70652300185873,155.71016786710038,"Mug"
"images%20-%202020-04-17T124014.510.jpg",68.69844911710038,102.02173849907064,130.84267541821563,157.34708991635688,"Mug"
"images%20-%202020-04-17T124014.510.jpg",11.32449465613383,102.59678496747212,71.36130634293681,156.85045887546468,"Mug"
"images%20-%202020-04-17T124015.780.jpg",58.184247211895915,64.89856819237919,189.3928612918216,168.779405785316,"Mug"
"images%20-%202020-04-17T124015.779.jpg",0,14.176855831784387,225,214.80599442379184,"Mug"
"images%20-%202020-04-17T124016.077.jpg",95.98404100836431,53.66465002540651,235,190.05732342479675,"Mug"
"images%20-%202020-04-17T124016.077.jpg",0,42.61012131605691,115.78691333643123,200.53147230691056,"Mug"
"images%20-%202020-04-17T124016.982.jpg",123.33439823420075,62.732342007434944,225,164.07774744423793,"Mug"
"images%20-%202020-04-17T124016.982.jpg",0,60.87977753252788,102.98886210501858,164.60705157992567,"Mug"
"images%20-%202020-04-17T124018.691.jpg",27.977971073420075,42.32799430762082,190.30770794609666,188.34405494888478,"Mug"
"images%20-%202020-04-17T124018.694.jpg",53.16295887546468,80.50640578497024,167.55059247211895,194.99364071800596,"Mug"
"images%20-%202020-04-17T124018.695.jpg",35.192190404275095,22.73393935873606,216.7435089451673,191.0330506505576,"Mug"
"images%20-%202020-04-17T124018.809.jpg",0,8.909952950743495,220.2656685641264,218.68429077602232,"Mug"
"images%20-%202020-04-17T124018.811.jpg",0,31.07864776951673,225,192.53601301115242,"Mug"
"images%20-%202020-04-17T124020.671.jpg",40.442422746282524,13.912080223880597,237.17846770446096,188.22403606965176,"Mug"
"images%20-%202020-04-17T124020.687.jpg",41.74641322026022,40.54077602230483,184.24358155204462,184.24684886152417,"Mug"
"images%20-%202020-04-17T124021.195.jpg",48.82994017193309,63.402140450743495,194.23828125,193.91155030204462,"Mug"
"images%20-%202020-04-17T124021.420.jpg",31.552407644052046,13.085574465613384,225,206.2521782063197,"Mug"
"images%20-%202020-04-17T124021.529.jpg",42.31662407063197,78.23450069616337,183,251.6490369740099,"Mug"
"images%20-%202020-04-17T124021.529.jpg",0,57.17289990717822,79.9774628252788,203.9420250618812,"Mug"
"images%20-%202020-04-17T124021.572.jpg",57.63350952602231,45.5314226519337,188.54776080390337,166.9684046961326,"Mug"
"images%20-%202020-04-17T124021.638.jpg",141.79253310873605,22.802280405405405,271,166.41815878378378,"Mug"
"images%20-%202020-04-17T124021.638.jpg",0,23.748775337837838,126.04349151951673,168.5467905405405,"Mug"
"images%20-%202020-04-17T124021.971.jpg",0,0,236,213.99999999999994,"Mug"
"images%20-%202020-04-17T124022.096.jpg",28.394052044609666,69.07343982514881,192.28155494888478,211.42816452752976,"Mug"
"images%20-%202020-04-17T124022.263.jpg",76.5007841542751,123.11548849907064,178.5747996050186,210.27423617565057,"Mug"
"images%20-%202020-04-17T124022.465.jpg",109.89268703531599,72.84139753717473,220.81784386617102,176.76797746282529,"Mug"
"images%20-%202020-04-17T124022.704.jpg",42.30512314126394,31.06231122211896,206.2750493726766,187.0436657760223,"Mug"
"images%20-%202020-04-17T124022.871.jpg",69.6913191217472,6.498325892857143,264.2007870585502,170,"Mug"
"images%20-%202020-04-17T124022.871.jpg",0,15.87281858766234,86.97290311338287,148.33603896103898,"Mug"
"images%20-%202020-04-17T124022.871.jpg",202.94539962825274,16.730925324675326,297,137.9482041396104,"Mug"
"images%20-%202020-04-17T124023.024.jpg",0,15.03289091542751,224.50663626858736,211.208686686803,"Mug"
"images%20-%202020-04-17T124023.321.jpg",33.777445399628256,42.98799082249071,200.0083497908922,197.724500464684,"Mug"
"images%20-%202020-04-17T124023.122.jpg",55.024758945167285,1.3428641960966543,177.93113963754647,116.25413859200744,"Mug"
"images%20-%202020-04-17T124023.122.jpg",0,105.18449407527882,118.198187732342,219.91279914033458,"Mug"
"images%20-%202020-04-17T124023.122.jpg",103.35153345724908,103.43975081319702,224.1276283689591,221.23279217007433,"Mug"
"images%20-%202020-04-17T124023.421.jpg",7.0487918215613385,15.423177083333334,221.12128252788105,218.74674479166669,"Mug"
"images%20-%202020-04-17T124023.559.jpg",33.99163568773234,40.13940520446097,192.00882899628255,174.23559479553904,"Mug"
"images%20-%202020-04-17T124023.705.jpg",57.70186164033457,14.169331395348836,156.8859345957249,103.10379723837208,"Mug"
"images%20-%202020-04-17T124023.705.jpg",121.90616287174721,95.40926598837208,221.6989283224907,182.47761627906976,"Mug"
"images%20-%202020-04-17T124023.857.jpg",13.582205506505577,33.813385803903344,203.2560554135688,198.0446967936803,"Mug"
"images%20-%202020-04-17T124024.263.jpg",21.298501394052046,102.07512417218543,85.69934944237917,162.66742549668874,"Mug"
"images%20-%202020-04-17T124024.392.jpg",251.31534618959108,22.42431640625,331.4532992565056,104.7833251953125,"Mug"
"images%20-%202020-04-17T124024.392.jpg",306.43064591078064,30.977783203125,386.5819586431227,105.1995849609375,"Mug"
"images%20-%202020-04-17T124024.500.jpg",117.87234258828995,66.8441722972973,206.32233097118956,137.25633445945948,"Mug"
"images%20-%202020-04-17T124024.500.jpg",56.48102056226765,94.70608108108108,145.34348861524163,166.27766047297297,"Mug"
"images%20-%202020-04-17T124024.912.jpg",55.33515334572491,59.32780552973978,213.12659735130111,196.70836721654277,"Mug"
"images%20-%202020-04-17T124024.751.jpg",201.67736407992564,66.83577127659575,305.1247386152416,145.72639627659578,"Mug"
"images%20-%202020-04-17T124024.751.jpg",112.67570864312268,11.439993351063832,209.2175882899628,75.94647606382979,"Mug"
"images%20-%202020-04-17T124024.751.jpg",102.60106877323419,72.2124335106383,206.89474907063197,149.46492686170214,"Mug"
"images%20-%202020-04-17T124024.751.jpg",15.30552973977695,62.61702127659575,111.0866345260223,144.20046542553195,"Mug"
"images%20-%202020-04-17T124025.139.jpg",21.414454577137548,31.184157151442307,109.88734316914498,117.40132962740384,"Mug"
"images%20-%202020-04-17T124025.139.jpg",95.79102288568774,35.32429387019231,179.60882318773236,114.86399489182692,"Mug"
"images%20-%202020-04-17T124025.377.jpg",112.13406133828997,67.53528694237919,223.44476068773236,163.22497967007436,"Mug"
"images%20-%202020-04-17T124025.377.jpg",3.45681342936803,65.98331493959108,114.924343633829,164.61685350836433,"Mug"
"images%20-%202020-04-17T124025.230.jpg",3.3197026022304836,45.360027741514365,129.55030204460968,157.5587875326371,"Mug"
"images%20-%202020-04-17T124025.230.jpg",20.546119888475836,123.4301158616188,150.03636152416357,227.64201207571801,"Mug"
"images%20-%202020-04-17T124025.230.jpg",112.31296468401487,72.0813071148825,188,177.31001142297652,"Mug"
"images%20-%202020-04-17T124025.582.jpg",0,27.04751441592262,201,234.822265625,"Mug"
"images%20-%202020-04-17T124025.862.jpg",138.60170771375465,31.23620180348259,252.29783341078067,128.54535914179107,"Mug"
"images%20-%202020-04-17T124025.862.jpg",125.76529100836431,84.68648942786072,252.02327776486987,194,"Mug"
"images%20-%202020-04-17T124025.862.jpg",33.13096828531599,19.593788868159205,137.1537087592937,108.17490671641792,"Mug"
"images%20-%202020-04-17T124025.862.jpg",1.015479786245353,70.54065609452736,123.88853392193309,179.9333411069652,"Mug"
"images%20-%202020-04-17T124026.588.jpg",0,10.559944237918216,225,212.02551405669146,"Mug"
"images%20-%202020-04-17T124026.792.jpg",158.2521346421933,91.88000987453532,225,161.92785780669146,"Mug"
"images%20-%202020-04-17T124026.792.jpg",150.8680152184015,37.80603798791822,215.79925650557624,89.41645852695167,"Mug"
"images%20-%202020-04-17T124026.792.jpg",71.02804077602231,116.56780030204462,154.59601533457248,183.30586373141264,"Mug"
"images%20-%202020-04-17T124026.792.jpg",57.08969853624536,83.52549953531599,118.29620701672863,142.0495469330855,"Mug"
"images%20-%202020-04-17T124026.792.jpg",0.5195022072490707,95.3041502091078,70.18834223977696,163.3131970260223,"Mug"
"images%20-%202020-04-17T124026.792.jpg",13.663888243494425,39.71741403345725,77.29800766728624,90.79526312732342,"Mug"
"images%20-%202020-04-17T124026.792.jpg",58.246326092007436,34.68249012546468,113.68930065055763,72.58001277881041,"Mug"
"images%20-%202020-04-17T124026.727.jpg",38.78296352230483,31.653694237918216,211.9863063429368,209.1012720724907,"Mug"
"images%20-%202020-04-17T124026.876.jpg",148.21822723048328,47.367383903631286,275,177.31719186452514,"Mug"
"images%20-%202020-04-17T124026.876.jpg",89.27995759758365,55.09488477653631,176.2836895910781,158.3398873952514,"Mug"
"images%20-%202020-04-17T124026.876.jpg",6.800723164498142,51.125305516759774,135.13192669609668,177.96813896648044,"Mug"
"images%20-%202020-04-17T124027.253.jpg",102.71440810873607,86.46281075743495,212.0451179135688,185.43288220260223,"Mug"
"images%20-%202020-04-17T124027.442.jpg",64.59902125929368,26.8155843904703,173.53429948884758,112.660020884901,"Mug"
"images%20-%202020-04-17T124027.442.jpg",80.16082423327137,92.95980623452971,183,160.82171449566835,"Mug"
"images%20-%202020-04-17T124027.442.jpg",1.1453444470260223,136.92832418007427,93.51963289962825,238.08037786200498,"Mug"
"images%20-%202020-04-17T124027.627.jpg",59.5107748605948,41.48176115241636,183.44309072955392,176.71896782063197,"Mug"
"images%20-%202020-04-17T124027.662.jpg",124.27211605483272,94.15405727230484,225,207.7714771143123,"Mug"
"images%20-%202020-04-17T124027.662.jpg",95.84979089219331,30.010237569702603,194.62382376858739,148.23456377788105,"Mug"
"images%20-%202020-04-17T124027.662.jpg",9.968561222118959,46.02332132899628,113.27435234665428,166.55110072026022,"Mug"
"images%20-%202020-04-17T124027.662.jpg",18.852375697026023,105.51775964219331,128.26803554832713,224.0361437035316,"Mug"
"images%20-%202020-04-17T124027.934.jpg",62.967588289962826,56.04089219330855,191.30097002788105,221.3275441449814,"Mug"
"images%20-%202020-04-17T124028.071.jpg",20.182170655204462,31.568744191449817,221.1380401951673,214.35510571561338,"Mug"
"images%20-%202020-04-17T124028.190.jpg",152.16840439126395,100.51550882899629,217.52766322026025,178.82638243494426,"Mug"
"images%20-%202020-04-17T124028.190.jpg",80.92145388011153,121.5439126394052,154.56987685873605,196.20520155669146,"Mug"
"images%20-%202020-04-17T124028.190.jpg",14.111509642193308,100.5285780669145,80.03928032063197,176.65688894052045,"Mug"
"images%20-%202020-04-17T124028.394.jpg",0,6.923428787174721,223.7388185408922,220.17091658921933,"Mug"
"images%20-%202020-04-17T124028.456.jpg",35.5744656133829,6.65376655629139,229.31284851301115,168,"Mug"
"images%20-%202020-04-17T124028.760.jpg",0.2777213057620818,8.766191333643123,225,213.78332655669146,"Mug"
"images%20-%202020-04-17T124028.975.jpg",1.7774163568773236,98.77730018587361,176.54253310873608,219.997749186803,"Mug"
"images%20-%202020-04-17T124028.975.jpg",107.47161071096654,4.848687267657993,215.57707946096656,100.06462012081785,"Mug"
"images%20-%202020-04-17T124028.975.jpg",7.616098396840149,14.827050418215613,118.78957074814126,126.70299430762083,"Mug"
"images%20-%202020-04-17T124028.975.jpg",82.3329315752788,66.98311164033457,205.78822026022306,166.94644516728624,"Mug"
"images%20-%202020-04-17T124029.155.jpg",25.38185408921933,67.45975167410714,183.65359258828997,211.65577334449404,"Mug"
"images%20-%202020-04-17T124029.375.jpg",0,0,224.226373722119,196.8849557522124,"Mug"
"images%20-%202020-04-17T124030.023.jpg",69.83547281598513,62.97739021840149,180.35548327137548,171.90295364776952,"Mug"
"images%20-%202020-04-17T124029.757.jpg",2.1792954228624537,16.584862918215613,222.61486407992567,212.74105483271376,"Mug"
"images%20-%202020-04-17T124029.655.jpg",122.21371108271376,93.07911245353161,194.87213928903344,154.56007493029742,"Mug"
"images%20-%202020-04-17T124029.655.jpg",106.87369307620818,69.41072258364312,157.60520736524165,114.16959514405204,"Mug"
"images%20-%202020-04-17T124029.655.jpg",59.36047862453532,70.91041763475836,107.66764927973978,112.72544435408922,"Mug"
"images%20-%202020-04-17T124029.655.jpg",29.95796061802974,91.81793099442379,95.80731586895911,157.84045364776952,"Mug"
"images%20-%202020-04-17T124029.493.jpg",128.81367623141264,75.06316798327138,219.9193337592937,142.68013766263942,"Mug"
"images%20-%202020-04-17T124029.493.jpg",31.820327021375466,99.76076033921933,128.74833004182156,166.24724093866172,"Mug"
"images%20-%202020-04-17T124029.493.jpg",6.015116751858736,69.89101707713755,99.13670422862454,131.25435641263942,"Mug"
"images%20-%202020-04-17T124030.242.jpg",80.49851881970261,8.82173097067039,269.3054426115242,183,"Mug"
"images%20-%202020-04-17T124030.322.jpg",102.1099558550186,72.47545887546468,197.28994830390337,178.22846480018586,"Mug"
"images%20-%202020-04-17T124030.322.jpg",10.373707597583644,72.2402125929368,107.00765276486989,179.83271375464685,"Mug"
"images%20-%202020-04-17T124030.322.jpg",141.85677567379182,47.13420655204461,216.57360885223048,129.57169203066914,"Mug"
"images%20-%202020-04-17T124030.322.jpg",7.854611988847584,47.28450278810409,84.6298501394052,128.79407237453532,"Mug"
"images%20-%202020-04-17T124030.573.jpg",88.96883712825279,68.60369714219331,219.23319876858739,204.28525789962825,"Mug"
"images%20-%202020-04-17T124030.573.jpg",8.570152764869889,26.275702834572492,103.2012372211896,154.17453241171003,"Mug"
"images%20-%202020-04-17T124031.445.jpg",42.8180907295539,19.064750813197026,196.65935757434943,186.73653868494426,"Mug"
"images%20-%202020-04-17T124031.042.jpg",196.44371514869889,53.25620860927152,300,167.99999999999997,"Mug"
"images%20-%202020-04-17T124031.042.jpg",129.66862221189592,0,255.40340381040892,113.95716059602648,"Mug"
"images%20-%202020-04-17T124031.042.jpg",59.04246050185874,47.836713576158935,185.26516031598516,167.99999999999997,"Mug"
"images%20-%202020-04-17T124031.042.jpg",0,2.9422599337748343,119.04333178438662,128.2903559602649,"Mug"
"images%20-%202020-04-17T124031.476.jpg",132.600124883829,7.232301850558658,275,167.48509514664804,"Mug"
"images%20-%202020-04-17T124031.476.jpg",0,3.6141541550279324,152.3074465613383,168.93075680865923,"Mug"
"images%20-%202020-04-17T124032.380.jpg",115.75424024163569,114.92761094330855,209.2286971421933,195.89480715613382,"Mug"
"images%20-%202020-04-17T124032.380.jpg",85.59697374535317,50.195675534386616,167.97238034386618,117.86492216542752,"Mug"
"images%20-%202020-04-17T124032.380.jpg",17.195849790892193,102.2439155436803,87.436468982342,188.8504879182156,"Mug"
"images%20-%202020-04-17T124031.656.jpg",0,0,207,222.02406793908227,"Mug"
"images%20-%202020-04-17T124032.095.jpg",26.94223396840149,55.81218052973978,157.93193831319704,181.97280146375465,"Mug"
"images%20-%202020-04-17T124031.826.jpg",6.398481064126394,0,227.9702021375465,208.05251206808944,"Mug"
"images%20-%202020-04-17T124032.499.jpg",111.6570341542751,60.471363847583646,225,151.81553496747213,"Mug"
"images%20-%202020-04-17T124032.499.jpg",0.35613673327137546,60.27532527881041,113.44751974907064,153.03424140334573,"Mug"
"images%20-%202020-04-17T124032.600.jpg",166.4865096421933,36.47142078488372,245.01877613847586,103.43977107558139,"Mug"
"images%20-%202020-04-17T124032.600.jpg",152.18405843401487,134.37492732558138,232.0102520910781,193.40406976744185,"Mug"
"images%20-%202020-04-17T124032.600.jpg",0,57.688898982558136,88.31872967007435,117.9962027616279,"Mug"
"images%20-%202020-04-17T124032.839.jpg",40.88057620817844,19.84563777881041,182.33874012546468,192.36284560873608,"Mug"
"images%20-%202020-04-17T124033.008.jpg",5.77455564591078,83.61357131806932,157.765218401487,231.898302134901,"Mug"
"images%20-%202020-04-17T124033.193.jpg",205.8506621747212,98.00547747905027,275,170.26459933659217,"Mug"
"images%20-%202020-04-17T124033.322.jpg",29.73251626394052,42.23324233271376,170.3019720027881,161.91478856877325,"Mug"